{
    "scenario_schema": {
        "cv": {"pattern": "**.cv", "type": "real"}
    },
    "metrics": {
        "TotalJobs": {"module": "**.src[*]", "scalar_name": "created:last" ,"aggr": ["avg", "std"]},
        "DroppedJobs": {"module": "**.srv[*]", "scalar_name": "dropped:count" ,"aggr": ["avg", "std"]},
        "QLen": {"module": "**.srv[*]", "scalar_name": "queueLength:timeavg" ,"aggr": ["avg", "std"]},
        "Utilization": {"module": "**.srv[*]", "scalar_name": "busy:timeavg" ,"aggr": ["avg", "std"]},
        "PQueue": {"module": "**.sink", "scalar_name": "queuesVisited:mean" ,"aggr": ["none"]},
        "ServiceTime": {"module": "**.sink", "scalar_name": "totalServiceTime:mean" ,"aggr": ["none"]},
        "WaitingTime": {"module": "**.sink", "scalar_name": "totalQueueingTime:mean" ,"aggr": ["none"]},
        "ResponseTime": {"module": "**.sink", "scalar_name": "lifeTime:mean" ,"aggr": ["none"]},
        "DelayTime": {"module": "**.sink", "scalar_name": "totalDelayTime:mean" ,"aggr": ["none"]}
        
    },
    "analyses": {
        "SensCV": {
            "outfile": "results/sens_cv.data",
            "scenarios": {
                "fixed": {},
                "range": ["cv"]
            },
            "metrics": [
                {"metric": "TotalJobs", "aggr": "avg"},
                {"metric": "DroppedJobs", "aggr": "avg"},
                {"metric": "PQueue", "aggr": "none"},
                {"metric": "ServiceTime", "aggr": "none"},
                {"metric": "WaitingTime", "aggr": "none"},
                {"metric": "ResponseTime", "aggr": "none"},
                {"metric": "DelayTime", "aggr": "none"}
                    ]
        }
    }
}

