{
    "scenario_schema": {
        "Balance": {"pattern": "**.Balance", "type": "varchar"},
        "lambda1": {"pattern": "**.lambda1", "type": "real"},
        "lambda2": {"pattern": "**.lambda2", "type": "real"},
        "mu1": {"pattern": "**.mu1", "type": "real"},
        "mu2": {"pattern": "**.mu2", "type": "real"}
    },
    "metrics": {
        "PQueue1": {"module": "**.sink1", "scalar_name": "queuesVisited:mean" ,"aggr": ["none"]},
        "ServiceTime1": {"module": "**.sink1", "scalar_name": "totalServiceTime:mean" ,"aggr": ["none"]},
        "WaitingTime1": {"module": "**.sink1", "scalar_name": "totalQueueingTime:mean" ,"aggr": ["none"]},
        "ResponseTime1": {"module": "**.sink1", "scalar_name": "lifeTime:mean" ,"aggr": ["none"]},
        "PQueue2": {"module": "**.sink2", "scalar_name": "queuesVisited:mean" ,"aggr": ["none"]},
        "ServiceTime2": {"module": "**.sink2", "scalar_name": "totalServiceTime:mean" ,"aggr": ["none"]},
        "WaitingTime2": {"module": "**.sink2", "scalar_name": "totalQueueingTime:mean" ,"aggr": ["none"]},
        "ResponseTime2": {"module": "**.sink2", "scalar_name": "lifeTime:mean" ,"aggr": ["none"]}
    },
    "histograms": {
        "SinkTime1": {"module": "**.sink1", "histogram_name": "lifeTime:histogram"},
        "SinkTime2": {"module": "**.sink2", "histogram_name": "lifeTime:histogram"}
    },
    "analyses": {
        "Hist_LB_US1": {
            "outfile": "results/MM1_LB_Unbalanced_Source1.data",
            "scenario": {"mu1": "5.0", "mu2": "5.0", "lambda1": "4.5", "lambda2": "2.0", "Balance":"Default"},
            "histogram": "SinkTime1"
        },        
        "Hist_LB_US2": {
            "outfile": "results/MM1_LB_Unbalanced_Source2.data",
            "scenario": {"mu1": "5.0", "mu2": "5.0", "lambda1": "4.5", "lambda2": "2.0", "Balance":"Default"},
            "histogram": "SinkTime2"
        },        
        "Hist_LB_UP1": {
            "outfile": "results/MM1_LB_Unbalanced_Processing1.data",
            "scenario": {"mu1": "6.0", "mu2": "4.0", "lambda1": "4.0", "lambda2": "4.0", "Balance":"Default"},
            "histogram": "SinkTime1"
        },        
        "Hist_LB_UP2": {
            "outfile": "results/MM1_LB_Unbalanced_Processing2.data",
            "scenario": {"mu1": "6.0", "mu2": "4.0", "lambda1": "4.0", "lambda2": "4.0", "Balance":"Default"},
            "histogram": "SinkTime2"
        },        
        "Hist_LB_UP1B": {
            "outfile": "results/MM1_LB_Unbalanced_Processing_Bal1.data",
            "scenario": {"mu1": "6.0", "mu2": "4.0", "lambda1": "4.0", "lambda2": "4.0", "Balance":"Pers"},
            "histogram": "SinkTime1"
        },        
        "Hist_LB_UP2B": {
            "outfile": "results/MM1_LB_Unbalanced_Processing_Bal2.data",
            "scenario": {"mu1": "6.0", "mu2": "4.0", "lambda1": "4.0", "lambda2": "4.0", "Balance":"Pers"},
            "histogram": "SinkTime2"
        }      
    }
}
